Core Base Stastical Area,Median Household Income,Income Inequality (Gini),Number of People in Poverty,Number of Unemployed People,Number of People With Educational Attainment (HS+),Housing Affordability (Median Home Value),Number of People with Health Insurance Coverage,Number of People With Internet Access,Final Total Population,metropolitan statistical area/micropolitan statistical area,CBSA_Code
"Aberdeen, SD Micro Area",70761,0.4395,4246,746,7601,208200,41459,17953,42112,10100,10100
"Aberdeen, WA Micro Area",63539,0.435,10358,2115,15251,279500,73745,29982,76397,10140,10140
"Ada, OK Micro Area",62564,0.4287,4641,640,6893,170500,37528,14974,38158,10220,10220
"Adrian, MI Micro Area",67013,0.4173,10915,2511,21245,181100,95803,38807,98823,10300,10300
"Akron, OH Metro Area",71312,0.4741,84493,19495,135728,199000,692907,294063,699508,10420,10420
"Albany, GA Metro Area",54219,0.4701,30445,5395,25538,148800,143420,57471,146768,10500,10500
"Albany, OR Metro Area",73396,0.404,16414,3705,20708,344600,128901,50534,129794,10540,10540
"Albany-Schenectady-Troy, NY Metro Area",86072,0.4442,95090,23096,125850,268400,894159,377559,902372,10580,10580
"Albuquerque, NM Metro Area",67995,0.4648,137328,24836,123792,263500,908245,371906,918567,10740,10740
"Alexandria, LA Metro Area",56492,0.4751,26782,3186,31408,173600,144794,55855,150593,10780,10780
"Allentown-Bethlehem-Easton, PA-NJ Metro Area",82602,0.4493,86504,24321,180144,277800,857693,336977,866764,10900,10900
"Altoona, PA Metro Area",60594,0.4438,15388,2628,35265,156700,120052,50548,121854,11020,11020
"Amarillo, TX Metro Area",66571,0.4649,37238,4289,37443,196500,262296,101808,270207,11100,11100
"Americus, GA Micro Area",42821,0.469,6810,723,6081,126500,32976,12475,33713,11140,11140
"Anchorage, AK Metro Area",95918,0.4302,37337,9835,58226,358900,383971,147550,399746,11260,11260
"Ann Arbor, MI Metro Area",87156,0.4869,48323,8556,27882,353000,363151,149256,368394,11460,11460
"Appleton, WI Metro Area",83919,0.4352,15032,3791,47199,246000,242619,98214,244163,11540,11540
"Ardmore, OK Micro Area",58856,0.4578,7150,869,9763,153500,47571,18887,48255,11620,11620
"Arkadelphia, AR Micro Area",50985,0.4544,3810,447,3519,147100,21129,8147,21378,11660,11660
"Asheville, NC Metro Area",69236,0.4684,47116,6903,60410,338400,405635,161494,410817,11700,11700
"Athens, OH Micro Area",53837,0.4906,11914,1750,9567,173800,60984,22722,61573,11900,11900
"Athens, TN Micro Area",59361,0.439,8864,1650,14869,189200,66385,26750,67211,11940,11940
"Athens-Clarke County, GA Metro Area",62897,0.506,40761,5045,23652,280900,216681,85019,218190,12020,12020
"Atlanta-Sandy Springs-Roswell, GA Metro Area",86338,0.4677,666265,163200,808480,335100,6128890,2280747,6176937,12060,12060
"Atlantic City-Hammonton, NJ Metro Area",80600,0.4732,43416,14284,76100,302600,365856,153081,369940,12100,12100
"Augusta-Richmond County, GA-SC Metro Area",66628,0.4659,89763,17474,102170,207300,597693,225591,618022,12260,12260
"Augusta-Waterville, ME Micro Area",65062,0.4379,14969,2566,26057,219900,123806,53936,125614,12300,12300
"Austin-Round Rock-San Marcos, TX Metro Area",97638,0.4607,229864,57495,228361,434800,2338888,948649,2357497,12420,12420
"Bakersfield-Delano, CA Metro Area",67660,0.4645,168825,33049,135178,310600,888229,281416,910433,12540,12540
"Baltimore-Columbia-Towson, MD Metro Area",97300,0.461,274570,70197,403649,373300,2796834,1107822,2839409,12580,12580
"Bangor, ME Metro Area",63248,0.4541,19846,3175,30108,193800,151601,64769,153571,12620,12620
"Baraboo, WI Micro Area",77648,0.4094,5690,929,13250,242400,65188,27425,65759,12660,12660
"Barnstable Town, MA Metro Area",94452,0.4749,16909,5492,34378,575900,227536,102981,230073,12700,12700
"Bartlesville, OK Micro Area",61205,0.4709,7541,924,9940,160900,52352,20596,52895,12780,12780
"Baton Rouge, LA Metro Area",68910,0.477,135250,28116,146974,232300,854894,326145,871379,12940,12940
"Bay City, MI Metro Area",60523,0.4352,14358,2304,22647,135100,102477,44917,103235,13020,13020
"Beatrice, NE Micro Area",64426,0.4306,2806,162,4762,167100,21384,9162,21646,13100,13100
"Beaumont-Port Arthur, TX Metro Area",65245,0.4626,62376,9982,76067,164300,381303,147243,396058,13140,13140
"Beaver Dam, WI Micro Area",73992,0.3847,6621,1881,23044,218400,84766,35723,88818,13180,13180
"Bellingham, WA Metro Area",80989,0.4524,28364,6050,28320,536100,226816,92411,228432,13380,13380
"Bemidji, MN Micro Area",67257,0.4409,7084,1176,6247,222300,45774,17908,46421,13420,13420
"Bend, OR Metro Area",85509,0.4573,24079,6481,32927,550400,251834,102503,253650,13460,13460
"Bennington, VT Micro Area",71494,0.4968,4128,778,6419,257400,36698,14636,37312,13540,13540
"Billings, MT Metro Area",74599,0.4588,18386,3439,31998,322700,184927,77857,187269,13740,13740
"Birmingham, AL Metro Area",69627,0.4868,162162,25868,188098,226200,1166828,460747,1181432,13820,13820
"Bishop, CA Micro Area",72432,0.439,1928,240,3066,338400,18442,7923,18803,13860,13860
"Bismarck, ND Metro Area",83982,0.4415,10184,1856,18326,295500,131397,54617,134286,13900,13900
"Blacksburg-Christiansburg-Radford, VA Metro Area",64627,0.4841,33063,3283,28101,228400,179402,70035,181605,13980,13980
"Bloomington, IL Metro Area",78329,0.4769,21011,2691,20725,198300,169850,69072,170882,14010,14010
"Bloomington, IN Metro Area",62949,0.4827,27760,4575,19353,242800,159951,66862,161256,14020,14020
"Boise City, ID Metro Area",82694,0.4419,70631,12839,99736,434400,779123,294742,790640,14260,14260
"Boston-Cambridge-Newton, MA-NH Metro Area",112484,0.4836,424129,135677,638160,610900,4875040,1925474,4917661,14460,14460
"Boulder, CO Metro Area",102772,0.4898,36145,8593,20037,713900,326101,135230,328317,14500,14500
"Bowling Green, KY Metro Area",62437,0.4726,29478,4594,29818,219400,181539,71576,183194,14540,14540
"Bozeman, MT Metro Area",87454,0.4724,12025,1689,12466,604900,121704,50031,122194,14580,14580
"Brainerd, MN Micro Area",69311,0.4322,10251,2535,18212,270500,96731,41546,97801,14660,14660
"Branson, MO Micro Area",58258,0.465,7870,1228,10469,203800,55949,22145,56382,14700,14700
"Bremerton-Silverdale-Port Orchard, WA Metro Area",98546,0.4306,22299,6125,34693,505700,261537,107264,276581,14740,14740
"Bridgeport-Stamford-Danbury, CT Metro Area",111656,0.5442,87468,31665,116735,530800,941099,350614,947528,14860,14860
"Brookings, SD Micro Area",67341,0.4122,4078,714,3956,246300,34733,13490,34968,15100,15100
"Brownsville-Harlingen, TX Metro Area",51334,0.469,102583,10484,54013,120000,421086,135435,423192,15180,15180
"Brunswick-St. Simons, GA Metro Area",64819,0.4982,19197,2129,20365,221400,113147,46237,114345,15260,15260
"Buffalo-Cheektowaga, NY Metro Area",70572,0.4615,157023,29977,185359,209600,1151962,500204,1161385,15380,15380
"Burlington-South Burlington, VT Metro Area",90911,0.4418,22197,4569,30863,370400,224720,93126,226603,15540,15540
"Butte-Silver Bow, MT Micro Area",57504,0.4847,5584,725,6191,223500,34863,15347,35589,15580,15580
"Cadillac, MI Micro Area",62833,0.4354,5919,1359,10869,161400,48538,19178,49024,15620,15620
"Cambridge, MD Micro Area",60495,0.4656,5225,746,8394,252300,32283,13324,32612,15700,15700
"Canton-Massillon, OH Metro Area",65666,0.4404,49827,7715,96190,177400,395912,166842,400495,15940,15940
"Cape Coral-Fort Myers, FL Metro Area",73099,0.4761,91539,14873,156721,326300,787302,319588,792692,15980,15980
"Carlsbad-Artesia, NM Micro Area",79605,0.4434,7519,1252,8683,199400,60479,23245,61114,16100,16100
"Carson City, NV Metro Area",71809,0.4464,6183,1176,9280,426700,55787,23652,58364,16180,16180
"Casper, WY Metro Area",71247,0.4456,7620,1568,12171,260400,78809,33285,79735,16220,16220
"Cañon City, CO Micro Area",61027,0.4645,5800,803,10506,282100,41484,17695,49394,15860,15860
"Cedar City, UT Micro Area",65527,0.429,8099,1007,7182,342900,59845,19658,60201,16260,16260
"Cedar Rapids, IA Metro Area",77084,0.4381,26123,5221,45412,202100,272548,113271,275960,16300,16300
"Centralia, WA Micro Area",69690,0.4233,10756,2219,15394,341500,83217,32314,83925,16500,16500
"Chambersburg, PA Metro Area",74946,0.4178,11995,2782,42491,236300,155456,63028,156626,16540,16540
"Champaign-Urbana, IL Metro Area",64558,0.4939,37128,5347,29187,194400,234131,96356,236196,16580,16580
"Charleston, WV Metro Area",58089,0.4757,33810,5461,47831,128900,205042,87660,207456,16620,16620
"Charleston-North Charleston, SC Metro Area",82272,0.4788,89836,16085,108822,345400,799035,327420,817756,16700,16700
"Charlotte-Concord-Gastonia, NC-SC Metro Area",80201,0.4761,279994,64865,350698,319400,2691563,1049805,2712818,16740,16740
"Charlottesville, VA Metro Area",90552,0.4833,23411,4214,24429,397600,219575,89396,222937,16820,16820
"Chattanooga, TN-GA Metro Area",68666,0.4756,70447,12634,88091,246000,563211,227464,569333,16860,16860
"Cheyenne, WY Metro Area",77884,0.4364,9755,1674,13159,324900,97050,42503,100661,16940,16940
"Chicago-Naperville-Elgin, IL-IN Metro Area",88850,0.4811,1021163,303952,1292522,301900,9270930,3615628,9359555,16980,16980
"Chico, CA Metro Area",68574,0.4846,37531,7192,25356,408700,207385,82345,209470,17020,17020
"Cincinnati, OH-KY-IN Metro Area",79490,0.4683,256786,50518,378103,240200,2229230,899273,2255257,17140,17140
"Clarksburg, WV Micro Area",58376,0.454,12040,2126,21104,156000,87432,35067,89717,17220,17220
"Clarksville, TN-KY Metro Area",66210,0.4167,42055,8033,50710,229400,305775,121182,328626,17300,17300
"Clearlake, CA Micro Area",58738,0.4867,11156,3220,11590,316800,67517,26364,68139,17340,17340
"Cleveland, MS Micro Area",37315,0.5554,9404,878,3795,123600,29296,11907,30163,17380,17380
"Clinton, IA Micro Area",65177,0.4375,5962,865,9897,153800,45786,19434,46383,17540,17540
"Coeur d'Alene, ID Metro Area",77034,0.427,16237,2804,26329,467400,176249,69104,177736,17660,17660
"College Station-Bryan, TX Metro Area",59691,0.5113,57594,6531,29218,261900,268939,102644,273280,17780,17780
"Colorado Springs, CO Metro Area",87180,0.4284,62848,20415,80330,431600,721774,294427,760782,17820,17820
"Columbia, MO Metro Area",69463,0.4689,33071,4304,24736,242500,210097,84722,212850,17860,17860
"Columbia, SC Metro Area",66146,0.4674,118721,23074,119576,213400,814868,334378,839868,17900,17900
"Columbus, GA-AL Metro Area",57762,0.4859,57312,8747,50113,184900,307294,126156,326136,17980,17980
"Columbus, IN Metro Area",80365,0.4439,9813,1578,14188,221100,81935,32984,82881,18020,18020
"Columbus, OH Metro Area",79847,0.4599,256928,47218,343066,274300,2126340,855292,2151847,18140,18140
"Concord, NH Micro Area",93944,0.4348,10586,2592,26270,330600,151745,60445,155018,18180,18180
"Cookeville, TN Micro Area",53328,0.4702,23670,2784,30234,212000,142212,57745,143819,18260,18260
"Corning, NY Micro Area",64740,0.4504,12537,2595,18845,128600,92123,38916,93034,18500,18500
"Corpus Christi, TX Metro Area",65801,0.4656,75923,11369,73659,195400,439854,167004,446797,18580,18580
"Corsicana, TX Micro Area",59310,0.4516,8814,942,7957,159900,52959,18484,53735,18620,18620
"Crescent City, CA Micro Area",66780,0.4291,2900,712,4115,319600,25053,9621,27293,18860,18860
"Crestview-Fort Walton Beach-Destin, FL Metro Area",79150,0.4592,28276,5068,42255,333800,276685,116782,294127,18880,18880
"Dallas-Fort Worth-Arlington, TX Metro Area",87155,0.4638,813280,189453,938673,330300,7754203,2825878,7807555,19100,19100
"Dalton, GA Metro Area",65715,0.447,19193,3735,23399,190800,142245,51359,143400,19140,19140
"Daphne-Fairhope-Foley, AL Metro Area",75019,0.4589,24819,3615,38757,287000,236704,94642,239945,19300,19300
"Davenport-Moline-Rock Island, IA-IL Metro Area",71925,0.4457,46175,8607,64076,170000,376766,160541,381864,19340,19340
"Decatur, AL Metro Area",63987,0.4463,20947,2592,29756,185000,154625,61897,156924,19460,19460
"Decatur, IL Metro Area",62449,0.4652,14562,3361,22613,121800,100745,43334,102591,19500,19500
"Deltona-Daytona Beach-Ormond Beach, FL Metro Area",67599,0.4519,79002,12322,131736,287200,681331,287692,689939,19660,19660
"Deming, NM Micro Area",37917,0.4417,6517,497,4757,112500,25039,9082,25420,19700,19700
"Denver-Aurora-Centennial, CO Metro Area",102339,0.4492,240699,74160,311758,570300,2952267,1201206,2977085,19740,19740
"Des Moines-West Des Moines, IA Metro Area",84209,0.4356,63021,16059,102070,252400,711565,289451,720331,19780,19780
"Detroit-Warren-Dearborn, MI Metro Area",75123,0.4719,570902,142659,683749,237100,4339037,1755372,4367620,19820,19820
"Dickinson, ND Micro Area",82133,0.4414,3948,586,6455,260400,37722,15102,38107,19860,19860
"Dodge City, KS Micro Area",70495,0.3976,4769,816,4757,132700,33735,11768,34133,19980,19980
"Douglas, GA Micro Area",48038,0.4575,9861,969,10340,114400,48149,18507,51422,20060,20060
"Dover, DE Metro Area",72872,0.4047,20323,4868,35369,290600,181512,70053,185043,20100,20100
"Duluth, MN-WI Metro Area",71067,0.4421,34173,6071,44703,208900,275243,119183,280710,20260,20260
"Durango, CO Micro Area",85296,0.4327,6755,939,7229,549100,55708,23200,56088,20420,20420
"Durham-Chapel Hill, NC Metro Area",81017,0.4853,70198,12176,58181,359400,587781,243422,594291,20500,20500
"Dyersburg, TN Micro Area",54973,0.5648,6454,636,7428,159500,36173,14884,36681,20540,20540
"Eagle Pass, TX Metro Area",51270,0.4549,12981,1847,7127,151500,57401,18320,57770,20580,20580
"East Stroudsburg, PA Micro Area",82374,0.4223,18566,5359,36488,241200,166773,60562,167784,20700,20700
"Eau Claire, WI Metro Area",72513,0.4321,17713,2882,30323,240700,169809,69828,172886,20740,20740
"Effingham, IL Micro Area",74219,0.4283,4635,519,9042,167400,44388,18210,44883,20820,20820
"El Centro, CA Metro Area",56393,0.4617,33705,8809,24037,279500,171830,48844,179319,20940,20940
"El Dorado, AR Micro Area",50221,0.5036,7327,741,8980,114700,37902,15125,38368,20980,20980
"El Paso, TX Metro Area",58800,0.4647,161495,24736,101349,167000,843291,297188,869606,21340,21340
"Elizabethtown, KY Metro Area",67630,0.4586,15412,3542,21648,201100,121385,49451,126480,21060,21060
"Elkhart-Goshen, IN Metro Area",65617,0.4434,25517,3492,39957,194400,204813,71760,206868,21140,21140
"Elko, NV Micro Area",83305,0.4225,6194,1182,9993,280400,54859,20176,55512,21220,21220
"Ellensburg, WA Micro Area",69928,0.4654,6130,1183,6428,459900,44469,19601,44736,21260,21260
"Emporia, KS Micro Area",58788,0.4118,4970,446,6068,137800,34200,14467,34724,21380,21380
"Erie, PA Metro Area",61476,0.46,39543,7185,61313,169500,263955,110106,269544,21500,21500
"Española, NM Micro Area",53901,0.4723,8033,853,7982,230900,40082,14980,40165,21580,21580
"Eugene-Springfield, OR Metro Area",69311,0.4625,57161,13241,48829,395800,380535,159509,382628,21660,21660
"Eureka-Arcata, CA Micro Area",61135,0.4857,25064,5702,18728,418800,134502,54878,135418,21700,21700
"Evanston, WY-UT Micro Area",81526,0.3659,1777,381,4127,258900,23012,8296,23193,21740,21740
"Evansville, IN Metro Area",67671,0.457,31464,5337,49948,190800,266029,112165,269721,21780,21780
"Fairbanks-College, AK Metro Area",84722,0.4243,5669,2118,12591,282500,86598,36176,95555,21820,21820
"Fairmont, WV Micro Area",67537,0.4094,7414,1448,12804,164300,55571,22965,56042,21900,21900
"Fallon, NV Micro Area",73268,0.4278,2276,753,4614,298000,24277,9728,25614,21980,21980
"Fargo, ND-MN Metro Area",75523,0.4563,27983,4862,25335,276600,252379,107607,254914,22020,22020
"Farmington, NM Metro Area",53020,0.4746,27779,3887,20800,185100,120020,41053,121178,22140,22140
"Fayetteville, NC Metro Area",58909,0.452,63805,11985,56503,185900,350476,146881,389851,22180,22180
"Fayetteville-Springdale-Rogers, AR Metro Area",77979,0.4708,60554,10578,88409,273400,559655,209515,563436,22220,22220
"Flagstaff, AZ Metro Area",69748,0.4783,23485,4867,16519,413200,144005,53642,144643,22380,22380
"Flint, MI Metro Area",60673,0.4638,63645,15690,75914,172900,401670,166375,404087,22420,22420
"Florence, SC Metro Area",53874,0.4901,36983,4867,41206,158800,196948,77596,199675,22500,22500
"Fond du Lac, WI Metro Area",73154,0.404,8792,1690,24192,209800,102356,43016,104053,22540,22540
"Fort Collins-Loveland, CO Metro Area",91364,0.4522,39240,9240,33895,532200,360991,151571,363561,22660,22660
"Fort Payne, AL Micro Area",51149,0.4417,14405,1359,13260,135500,71091,25946,71946,22840,22840
"Fort Smith, AR-OK Metro Area",56717,0.4779,38524,5702,41506,160100,226057,90129,228916,22900,22900
"Fort Wayne, IN Metro Area",69378,0.4388,52233,10340,76272,194000,446859,179472,451440,23060,23060
"Fresno, CA Metro Area",71897,0.4725,215904,46936,146030,363300,1152454,366676,1170942,23420,23420
"Gadsden, AL Metro Area",53070,0.4765,17401,2911,19627,160600,102115,39160,103208,23460,23460
"Gainesville, FL Metro Area",58946,0.5153,61500,7069,43276,245800,340746,137665,344521,23540,23540
"Gainesville, GA Metro Area",77430,0.4493,26231,4083,32255,313600,206946,71263,208395,23580,23580
"Gardnerville Ranchos, NV-CA Micro Area",88659,0.4742,4301,738,8022,584700,51161,21569,51319,23820,23820
"Gettysburg, PA Metro Area",81071,0.3978,8439,1685,26377,256100,104130,40411,105183,23900,23900
"Gillette, WY Micro Area",95253,0.3918,4210,852,8623,266400,46416,17879,47018,23940,23940
"Grand Island, NE Metro Area",67397,0.4471,8222,1205,14503,201600,75796,30110,76619,24260,24260
"Grand Junction, CO Metro Area",71485,0.4446,17123,4022,26000,349400,155993,64559,157316,24300,24300
"Grand Rapids-Wyoming-Kentwood, MI Metro Area",80296,0.4377,112037,25124,177276,261600,1141529,436435,1154320,24340,24340
"Grants Pass, OR Metro Area",59097,0.4747,13713,2821,15845,383100,87322,36336,88069,24420,24420
"Great Falls, MT Metro Area",66203,0.4435,10839,1195,14916,243300,80589,34909,84601,24500,24500
"Greeley, CO Metro Area",93287,0.4199,30256,8676,44432,444500,338632,120019,340711,24540,24540
"Green Bay, WI Metro Area",77459,0.4271,30578,4709,62635,238700,326347,135165,329375,24580,24580
"Greenfield, MA Micro Area",72584,0.4352,8508,2366,12816,303400,70301,31498,70922,24640,24640
"Greensboro-High Point, NC Metro Area",63083,0.4688,115399,18534,116183,207600,773082,311795,779894,24660,24660
"Greenville, NC Metro Area",58851,0.4799,32225,6614,21818,194300,170503,73404,172279,24780,24780
"Greenville-Anderson-Greer, SC Metro Area",69016,0.4738,120212,20538,137444,242700,936904,375603,945301,24860,24860
"Guayama, PR Metro Area",20430,0.534,32390,1671,15079,97900,65052,27341,67171,25020,25020
"Gulfport-Biloxi, MS Metro Area",61266,0.46,65063,14101,63110,192000,407486,164768,418452,25060,25060
"Hagerstown-Martinsburg, MD-WV Metro Area",75473,0.4244,34417,7099,65124,258300,290355,116006,298525,25180,25180
"Hailey, ID Micro Area",81389,0.4743,2385,515,4494,544300,30850,11997,31010,25200,25200
"Hammond, LA Metro Area",57256,0.4781,25465,3279,24781,204600,133983,50191,135218,25220,25220
"Hanford-Corcoran, CA Metro Area",68750,0.4211,23427,5787,23169,305700,135709,43736,152830,25260,25260
"Harrisburg-Carlisle, PA Metro Area",79281,0.4395,57862,11920,119320,239100,587876,243182,597894,25420,25420
"Harrison, AR Micro Area",53775,0.4349,5963,794,9436,170600,44623,18281,45071,25460,25460
"Harrisonburg, VA Metro Area",72145,0.445,19200,3077,22691,284800,135096,49379,136231,25500,25500
"Hartford-West Hartford-East Hartford, CT Metro Area",92823,0.4671,108171,31384,176313,309300,1129007,462710,1144012,25540,25540
"Hattiesburg, MS Metro Area",59008,0.4848,28252,4369,23566,182400,152535,59327,154567,25620,25620
"Heber, UT Micro Area",125583,0.4934,3762,925,7494,838100,78198,26462,78517,25720,25720
"Helena, MT Metro Area",74040,0.4408,7758,1633,13061,363400,91175,38433,92391,25740,25740
"Hermiston-Pendleton, OR Micro Area",69037,0.422,11336,2114,15170,250800,88723,32516,92336,25840,25840
"Hickory-Lenoir-Morganton, NC Metro Area",60255,0.4512,49993,8115,67405,193400,360751,147735,366972,25860,25860
"Hilo-Kailua, HI Micro Area",77215,0.4761,29257,5842,38863,486400,202126,72958,203684,25900,25900
"Hobbs, NM Micro Area",68750,0.4864,13178,2333,11487,176000,71479,24568,73154,26020,26020
"Holland, MI Micro Area",80255,0.4144,11186,1791,26262,247000,120031,44984,120913,26090,26090
"Homosassa Springs, FL Metro Area",55355,0.4833,24124,3748,39592,223200,156348,69701,158693,26140,26140
"Hot Springs, AR Metro Area",55409,0.4601,16237,2656,18695,176400,99001,43762,100062,26300,26300
"Houghton, MI Micro Area",56403,0.4702,5509,1060,6167,144900,39042,15341,39534,26340,26340
"Houma-Bayou Cane-Thibodaux, LA Metro Area",64269,0.468,34338,4713,43076,189900,201779,79238,204032,26380,26380
"Houston-Pasadena-The Woodlands, TX Metro Area",80458,0.4829,976498,221170,883829,275200,7215722,2601888,7274714,26420,26420
"Huntington-Ashland, WV-KY-OH Metro Area",58483,0.4724,61643,7926,80142,149000,366958,150091,372801,26580,26580
"Huntsville, AL Metro Area",83529,0.4586,50962,9733,58410,265000,496798,202490,504712,26620,26620
"Idaho Falls, ID Metro Area",77300,0.4203,15450,2747,19747,325000,160321,54294,161944,26820,26820
"Indiana, PA Micro Area",58739,0.4476,9985,2603,19652,145400,81777,32291,83213,26860,26860
"Indianapolis-Carmel-Greenwood, IN Metro Area",77065,0.4642,217654,45535,316689,244000,2080563,829040,2106327,26900,26900
"Iowa City, IA Metro Area",74142,0.4941,26484,3561,17295,280400,175264,71262,177420,26980,26980
"Ithaca, NY Metro Area",73012,0.4928,13547,2778,7839,271500,102175,43269,102879,27060,27060
"Jackson, MS Metro Area",60489,0.4901,103026,17171,80393,188500,601280,236483,615908,27140,27140
"Jackson, TN Metro Area",58740,0.4547,28837,5367,38438,168600,178079,71459,180844,27180,27180
"Jackson, WY-ID Micro Area",106679,0.503,2769,479,3890,954600,35364,13956,35459,27220,27220
"Jacksonville, FL Metro Area",77013,0.4648,195281,34959,250764,308900,1610602,642847,1645707,27260,27260
"Jamestown-Dunkirk, NY Micro Area",56507,0.4457,20703,3155,23960,119300,124637,53602,126329,27460,27460
"Janesville-Beloit, WI Metro Area",74390,0.404,16058,3382,32923,215900,162892,66652,163944,27500,27500
"Jasper, IN Micro Area",71918,0.4122,4055,480,9914,212500,42867,17588,43563,27540,27540
"Jefferson City, MO Metro Area",72425,0.4283,14233,2626,28094,203900,142838,57896,150147,27620,27620
"Johnstown, PA Metro Area",56292,0.4674,17864,2828,38307,115900,129529,55692,132355,27780,27780
"Joplin, MO-KS Metro Area",60146,0.4491,32515,4164,38512,157000,200620,78178,202258,27900,27900
"Juneau, AK Micro Area",100513,0.4157,2565,692,3811,432500,31233,13138,31969,27940,27940
"Kahului-Wailuku, HI Metro Area",95049,0.4541,15982,4760,32299,858600,163088,55507,164675,27980,27980
"Kalamazoo-Portage, MI Metro Area",70525,0.4679,33669,7887,32287,227500,259424,106251,261437,28020,28020
"Kalispell, MT Micro Area",71327,0.4495,10268,1668,17558,467700,107555,43568,108445,28060,28060
"Kansas City, MO-KS Metro Area",81927,0.4507,217501,47777,322952,265400,2176523,882252,2202006,28140,28140
"Keene, NH Micro Area",81001,0.4201,6529,1325,15065,257200,76273,30519,76945,28300,28300
"Kennewick-Richland, WA Metro Area",85881,0.4313,35422,7508,36395,362200,304428,105814,307900,28420,28420
"Killeen-Temple, TX Metro Area",67203,0.4495,62607,14413,64815,215000,440791,172803,485850,28660,28660
"Kingsport-Bristol, TN-VA Metro Area",55948,0.4737,45755,8056,63932,182500,305540,129894,309580,28700,28700
"Kingsville, TX Micro Area",57612,0.4504,8329,1093,4270,152200,29977,11794,30629,28780,28780
"Kinston, NC Micro Area",44795,0.4669,12100,1768,10021,111400,53955,22930,54917,28820,28820
"Klamath Falls, OR Micro Area",59353,0.4775,12598,2276,13238,255700,68858,28840,69812,28900,28900
"Knoxville, TN Metro Area",69734,0.4691,113223,17675,160975,255300,909978,371027,919553,28940,28940
"Kokomo, IN Metro Area",62496,0.4306,10292,2259,18612,151500,82460,35129,83610,29020,29020
"La Crosse-Onalaska, WI-MN Metro Area",71009,0.4458,20027,2605,27483,235300,168402,70803,169945,29100,29100
"La Grande, OR Micro Area",64212,0.4495,4065,688,4850,260500,25985,10856,26192,29260,29260
"Laconia, NH Micro Area",87983,0.4492,5546,854,12123,340000,63459,26118,64300,29060,29060
"Lafayette, LA Metro Area",60910,0.4904,74988,10686,82091,206900,406828,162763,410883,29180,29180
"Lafayette-West Lafayette, IN Metro Area",59895,0.4662,36297,3444,34145,204300,223093,89267,225019,29200,29200
"Lake Charles, LA Metro Area",67010,0.4779,42556,6046,48601,198900,243579,90733,245973,29340,29340
"Lake City, FL Micro Area",55070,0.456,11237,1892,13519,186400,66425,26720,70755,29380,29380
"Lake Havasu City-Kingman, AZ Metro Area",55799,0.4653,35787,5662,47249,253200,213572,96899,217420,29420,29420
"Lakeland-Winter Haven, FL Metro Area",63644,0.448,109496,15310,146907,240000,752294,276643,760961,29460,29460
"Lancaster, PA Metro Area",83703,0.4303,47050,9560,112009,279400,548738,210536,555151,29540,29540
"Lansing-East Lansing, MI Metro Area",70886,0.452,59001,13570,62712,205400,467382,192995,470434,29620,29620
"Laramie, WY Micro Area",59881,0.4861,7328,952,2420,322100,37490,16609,37713,29660,29660
"Laredo, TX Metro Area",62506,0.4565,55716,6638,28036,178900,266040,79572,267731,29700,29700
"Las Cruces, NM Metro Area",55663,0.4781,47947,6941,25748,205400,218466,83530,221665,29740,29740
"Las Vegas-Henderson-North Las Vegas, NV Metro Area",73845,0.4697,299896,86020,375989,400800,2268910,847378,2293764,29820,29820
"Lawrenceburg, TN Micro Area",53233,0.4429,6748,1144,9961,176700,44404,16704,44901,29980,29980
"Lawton, OK Metro Area",59060,0.4455,21087,3408,22270,151500,112998,46769,127174,30020,30020
"Lebanon, PA Metro Area",76350,0.4248,14793,2969,36052,227300,141459,55846,143592,30140,30140
"Lewiston, ID-WA Metro Area",70694,0.4564,8699,1193,11140,289400,63863,26688,64901,30300,30300
"Lewiston-Auburn, ME Metro Area",67298,0.428,14060,2493,22621,232000,110713,46632,112323,30340,30340
"Lexington-Fayette, KY Metro Area",70717,0.4813,69955,12697,64269,258900,511395,213372,517378,30460,30460
"Lima, OH Metro Area",62001,0.4342,12815,2865,23921,158400,99436,40928,101685,30620,30620
"Lincoln, NE Metro Area",73095,0.457,37396,5862,37001,257500,336273,138807,341309,30700,30700
"Little Rock-North Little Rock-Conway, AR Metro Area",65309,0.4784,104810,16127,123567,199300,740763,306520,753605,30780,30780
"Logan, UT-ID Metro Area",77520,0.4309,18603,1805,16279,386700,150949,47988,151746,30860,30860
"Longview, TX Metro Area",65210,0.4659,44541,5859,47542,178200,280554,106264,288921,30980,30980
"Longview-Kelso, WA Metro Area",72932,0.4351,14294,2538,19330,367400,110785,43409,111539,31020,31020
"Los Alamos, NM Micro Area",143188,0.3732,564,228,1226,452500,19220,8211,19374,31060,31060
"Los Angeles-Long Beach-Anaheim, CA Metro Area",93525,0.4912,1618969,455764,1599621,825300,12927338,4464908,13012469,31080,31080
"Louisville/Jefferson County, KY-IN Metro Area",71737,0.4616,163772,30657,228147,236400,1343417,550423,1361847,31140,31140
"Lubbock, TX Metro Area",62288,0.4816,57939,8569,45716,188700,348623,138525,354782,31180,31180
"Ludington, MI Micro Area",62296,0.4324,4214,605,6246,199300,28930,12426,29177,31220,31220
"Lynchburg, VA Metro Area",67782,0.4436,29183,5384,45017,224600,259412,102730,262716,31340,31340
"Macon-Bibb County, GA Metro Area",58127,0.5057,47052,6631,43494,172300,228872,88114,234040,31420,31420
"Madison, WI Metro Area",86827,0.445,66580,10022,82395,344600,678359,295527,683967,31540,31540
"Manchester-Nashua, NH Metro Area",100436,0.428,27126,8238,65503,385500,420612,167732,424732,31700,31700
"Manitowoc, WI Micro Area",68611,0.4195,7826,850,20275,172900,80614,35033,81314,31820,31820
"Marietta, OH Micro Area",61355,0.4635,7429,1304,14609,174100,58758,24887,59318,31930,31930
"Marquette, MI Micro Area",64675,0.4219,8538,1606,10042,202000,64722,27887,66430,32100,32100
"Marshall, MN Micro Area",72761,0.457,3076,443,4005,193100,25221,10003,25498,32140,32140
"Mayagüez, PR Metro Area",20400,0.5546,100053,12894,39258,108900,210236,80822,211487,32420,32420
"McAlester, OK Micro Area",54787,0.4688,7553,1057,8996,146300,41642,17649,43629,32540,32540
"McAllen-Edinburg-Mission, TX Metro Area",52281,0.4759,237121,28197,108623,124000,873406,264128,880921,32580,32580
"Medford, OR Metro Area",71443,0.456,27295,5673,34783,400200,221306,90679,222563,32780,32780
"Memphis, TN-MS-AR Metro Area",64743,0.4875,214970,43477,220417,228100,1324875,517674,1341606,32820,32820
"Merced, CA Metro Area",65044,0.4631,51655,13441,43278,368400,283066,84605,285597,32900,32900
"Meridian, MS Micro Area",49156,0.4963,20177,2185,13966,121500,83872,34799,87408,32940,32940
"Miami, OK Micro Area",48656,0.4384,6047,441,5586,114300,29947,11755,30360,33060,33060
"Miami-Fort Lauderdale-West Palm Beach, FL Metro Area",73481,0.5083,794980,160940,1004833,405600,6086948,2311230,6138876,33100,33100
"Michigan City-La Porte, IN Metro Area",70452,0.4296,14691,2301,24339,180700,105379,43681,112141,33140,33140
"Middlesborough, KY Micro Area",32403,0.4938,6268,838,5092,83000,23369,9526,23878,33180,33180
"Milwaukee-Waukesha, WI Metro Area",76404,0.4706,191173,31097,242610,283800,1555984,650084,1566361,33340,33340
"Minneapolis-St. Paul-Bloomington, MN-WI Metro Area",98180,0.4448,296604,80314,439411,354400,3664036,1458896,3693351,33460,33460
"Minot, ND Metro Area",79195,0.4293,5924,1335,12659,247900,71835,31477,76773,33500,33500
"Missoula, MT Metro Area",70888,0.4716,13627,3187,15261,417300,123494,53774,124435,33540,33540
"Mobile, AL Metro Area",58119,0.4649,65948,10044,80769,176600,408436,160507,413162,33660,33660
"Modesto, CA Metro Area",79661,0.4389,71943,20229,90813,426600,549358,176457,552250,33700,33700
"Monroe, LA Metro Area",49203,0.5167,54563,7037,41828,163000,219380,86081,224705,33740,33740
"Montgomery, AL Metro Area",62746,0.472,59821,8843,64179,181400,372404,149998,385159,33860,33860
"Morehead City, NC Micro Area",70235,0.4628,6781,1369,10199,304200,67089,31198,68652,33980,33980
"Morgantown, WV Metro Area",62394,0.4944,24822,3756,23417,226800,135907,57158,140724,34060,34060
"Morristown, TN Metro Area",58130,0.4641,17199,3316,25793,198000,119376,47109,120765,34100,34100
"Moscow, ID Micro Area",65179,0.4611,5439,1293,4057,342500,40068,16058,40315,34140,34140
"Moses Lake, WA Micro Area",71115,0.4359,14884,2973,14420,275700,100005,34502,100428,34180,34180
"Mount Vernon, IL Micro Area",61102,0.4317,4975,1129,6875,118400,35394,14805,36808,34500,34500
"Mount Vernon, OH Micro Area",73988,0.4103,6530,746,14155,218300,62177,23435,62888,34540,34540
"Mount Vernon-Anacortes, WA Metro Area",85474,0.434,14887,2972,19997,486200,128611,51518,130407,34580,34580
"Muncie, IN Metro Area",56932,0.4419,20789,3465,19888,127600,110480,46146,112109,34620,34620
"Muscatine, IA Micro Area",69512,0.4131,4858,815,8140,172400,41955,17170,42735,34700,34700
"Muskegon-Norton Shores, MI Metro Area",63495,0.4385,21347,5691,34604,180900,171139,67112,175378,34740,34740
"Myrtle Beach-Conway-North Myrtle Beach, SC Metro Area",64623,0.4461,46454,8826,75577,260500,367312,150342,368937,34820,34820
"Naples-Marco Island, FL Metro Area",86173,0.5334,40135,6842,65811,486800,385705,160867,387681,34940,34940
"Nashville-Davidson--Murfreesboro--Franklin, TN Metro Area",82499,0.4642,208043,39960,299345,376800,2025294,805828,2043713,34980,34980
"New Castle, IN Micro Area",60144,0.424,5957,896,12171,140200,45773,18460,48896,35220,35220
"New Haven, CT Metro Area",86266,0.4783,63456,18081,99466,328300,562316,227739,566803,35300,35300
"New Orleans-Metairie, LA Metro Area",62271,0.5087,177337,33580,152992,248000,977807,397029,988763,35380,35380
"New York-Newark-Jersey City, NY-NJ Metro Area",97334,0.5137,2416274,681021,2802276,587400,19617922,7362500,19756722,35620,35620
"Niles, MI Metro Area",63152,0.4762,22818,4847,25521,211400,152246,63651,153411,35660,35660
"Nogales, AZ Micro Area",53614,0.443,9707,2210,6488,216100,48038,16816,48209,35700,35700
"North Port-Bradenton-Sarasota, FL Metro Area",78278,0.4908,78842,16672,156634,367700,854991,374007,865031,35840,35840
"Norwich-New London-Willimantic, CT Metro Area",84185,0.4425,28317,7242,48938,293900,268977,114577,279025,35980,35980
"Ocala, FL Metro Area",58535,0.4484,55184,8159,84123,220800,379768,159796,387697,36100,36100
"Odessa, TX Metro Area",71031,0.4522,24626,4469,23271,190500,161844,62422,163206,36220,36220
"Ogden, UT Metro Area",98361,0.3975,41682,9018,83920,437700,637436,210632,645510,36260,36260
"Oklahoma City, OK Metro Area",70499,0.4648,195835,34094,205939,214700,1420967,562932,1445122,36420,36420
"Olympia-Lacey-Tumwater, WA Metro Area",93985,0.4056,28292,7504,36776,451500,288747,117172,296640,36500,36500
"Omaha, NE-IA Metro Area",83023,0.4567,90658,17597,123966,248100,958884,384397,972840,36540,36540
"Orlando-Kissimmee-Sanford, FL Metro Area",75611,0.4619,313534,73671,401941,338500,2698969,985142,2721022,36740,36740
"Othello, WA Micro Area",65042,0.4439,4199,354,2501,251300,20492,6301,20690,36830,36830
"Owensboro, KY Metro Area",65656,0.4671,16154,2484,21947,182100,110649,44765,112322,36980,36980
"Oxnard-Thousand Oaks-Ventura, CA Metro Area",107327,0.4492,74630,23547,100093,768400,830360,278045,838259,37100,37100
"Paducah, KY-IL Metro Area",62286,0.4862,15702,1587,21349,160500,101401,41268,102924,37140,37140
"Pahrump, NV Micro Area",55975,0.4427,8081,1782,12455,266000,52382,21943,53207,37220,37220
"Palatka, FL Micro Area",47256,0.4757,17409,2027,16372,147300,73118,30650,74235,37260,37260
"Palm Bay-Melbourne-Titusville, FL Metro Area",75817,0.4555,60603,14187,101406,304400,613812,251889,620533,37340,37340
"Panama City-Panama City Beach, FL Metro Area",67834,0.4405,25100,3598,34975,263500,199342,85400,206627,37460,37460
"Parkersburg-Vienna, WV Metro Area",56029,0.4573,13138,2186,19857,151600,88045,37777,88960,37620,37620
"Payson, AZ Micro Area",59089,0.4364,9297,1521,9975,247000,52491,23253,53610,37740,37740
"Pensacola-Ferry Pass-Brent, FL Metro Area",73588,0.4451,60047,12888,79702,260500,490033,199542,516994,37860,37860
"Peoria, IL Metro Area",70872,0.4571,42918,9145,61625,160500,359991,152843,365773,37900,37900
"Philadelphia-Camden-Wilmington, PA-NJ-DE-MD Metro Area",89273,0.4822,712006,197394,1042489,326700,6168768,2445882,6241882,37980,37980
"Phoenix-Mesa-Chandler, AZ Metro Area",84703,0.4549,544541,118176,637914,401400,4881866,1854535,4941206,38060,38060
"Pierre, SD Micro Area",78965,0.4031,1605,59,3250,217500,19840,8588,20744,38180,38180
"Pittsburgh, PA Metro Area",73942,0.4708,259174,63618,498616,204500,2418974,1059751,2443921,38300,38300
"Pittsfield, MA Metro Area",72565,0.4949,13481,3780,24097,283800,126266,56517,128047,38340,38340
"Platteville, WI Micro Area",64349,0.429,6469,736,10229,186300,50640,19913,51678,38420,38420
"Pocatello, ID Metro Area",64080,0.4405,10398,1965,12012,267200,87350,33340,88457,38540,38540
"Ponca City, OK Micro Area",56673,0.4537,6616,1202,8259,116800,42794,16716,43731,38620,38620
"Ponce, PR Metro Area",20646,0.54,129501,13632,55454,103100,269631,102697,273739,38660,38660
"Port Angeles, WA Micro Area",67999,0.4517,8225,1876,12078,385600,76283,34377,77593,38820,38820
"Port St. Lucie, FL Metro Area",72506,0.4715,57695,12599,89577,325300,500793,199460,506701,38940,38940
"Portland-South Portland, ME Metro Area",88602,0.4489,41470,10564,86344,379500,551675,236428,557764,38860,38860
"Portland-Vancouver-Hillsboro, OR-WA Metro Area",94573,0.4496,236581,68018,288798,526500,2493287,1000418,2510529,38900,38900
"Portsmouth, OH Micro Area",49571,0.4632,15618,1935,19111,132300,70519,28637,73118,39020,39020
"Price, UT Micro Area",53673,0.4393,3377,493,3253,200700,20250,8023,20446,39220,39220
"Providence-Warwick, RI-MA Metro Area",85646,0.4598,180736,50909,277945,385900,1651745,669104,1673807,39300,39300
"Provo-Orem-Lehi, UT Metro Area",96745,0.4138,59272,12520,51484,487200,692649,199358,695895,39340,39340
"Pueblo, CO Metro Area",62250,0.4558,25321,4068,28644,271800,164662,67816,168726,39380,39380
"Pullman, WA Micro Area",52893,0.5164,9743,1634,3088,323300,46653,17952,47042,39420,39420
"Quincy, IL-MO Micro Area",63470,0.4427,9188,1486,16623,151800,73817,30986,75111,39500,39500
"Racine-Mount Pleasant, WI Metro Area",75331,0.4294,20736,4261,34417,239400,192634,79109,196888,39540,39540
"Raleigh-Cary, NC Metro Area",96066,0.4491,121749,33046,143659,381000,1438753,555371,1449594,39580,39580
"Rapid City, SD Metro Area",71985,0.453,15878,2528,22606,274200,145946,61532,151064,39660,39660
"Reading, PA Metro Area",77684,0.4439,48747,11745,95426,239700,425722,161701,429989,39740,39740
"Red Bluff, CA Micro Area",61834,0.5054,9988,1839,11574,315600,65061,24526,65520,39780,39780
"Red Wing, MN Micro Area",82749,0.4287,4344,898,9710,269400,46998,19631,47844,39860,39860
"Redding, CA Metro Area",71931,0.4641,23179,5115,28708,347200,179911,71473,181554,39820,39820
"Reno, NV Metro Area",84684,0.462,58715,14962,79454,474000,552923,221022,556539,39900,39900
"Richmond, VA Metro Area",84405,0.4611,128665,32887,187734,325800,1302380,523778,1327321,40060,40060
"Riverside-San Bernardino-Ontario, CA Metro Area",86031,0.4412,558181,150760,725334,493600,4576170,1430238,4637725,40140,40140
"Riverton, WY Micro Area",64646,0.4204,4766,1502,6557,252700,38890,14810,39472,40180,40180
"Roanoke Rapids, NC Micro Area",45823,0.4923,15137,2193,14489,102400,63690,27866,65431,40260,40260
"Roanoke, VA Metro Area",67447,0.4684,37288,5683,60356,236300,309626,130141,314661,40220,40220
"Rochester, MN Metro Area",89675,0.4501,17496,4168,31774,284600,224591,92402,227252,40340,40340
"Rochester, NY Metro Area",74438,0.4574,126986,26383,153972,190100,1047910,442949,1058875,40380,40380
"Rock Springs, WY Micro Area",76464,0.4411,5537,1254,6460,242900,41465,16863,41786,40540,40540
"Rockford, IL Metro Area",66571,0.448,50255,12214,57168,162600,333234,134604,336605,40420,40420
"Rocky Mount, NC Metro Area",57437,0.4542,23632,4609,29033,153000,142488,57656,144228,40580,40580
"Rome, GA Metro Area",62540,0.4683,15943,1978,16164,194100,96966,36688,98985,40660,40660
"Roswell, NM Micro Area",52029,0.4839,13763,1576,8548,141900,63156,23605,64446,40740,40740
"Ruidoso, NM Micro Area",51643,0.4912,3205,529,3811,212200,20074,9376,20227,40760,40760
"Rutland, VT Micro Area",64778,0.4642,7068,1235,13278,218400,59901,25448,60484,40860,40860
"Sacramento-Roseville-Folsom, CA Metro Area",93986,0.4551,274810,70987,294263,559000,2387158,876004,2406563,40900,40900
"Salem, OH Micro Area",58474,0.4486,13547,2323,29731,139100,98087,41375,101203,41400,41400
"Salem, OR Metro Area",76010,0.4371,54789,10921,55359,389800,427948,157987,435085,41420,41420
"Salinas, CA Metro Area",94486,0.4627,52732,10068,47900,723100,420702,132046,435834,41500,41500
"Salisbury, MD Metro Area",69592,0.4542,17958,4082,25287,228300,124227,48330,128802,41540,41540
"Salt Lake City-Murray, UT Metro Area",95045,0.4277,101251,25612,157656,478200,1253549,439639,1261337,41620,41620
"San Antonio-New Braunfels, TX Metro Area",74297,0.4596,344984,67529,351142,258700,2563451,949097,2612802,41700,41700
"San Diego-Chula Vista-Carlsbad, CA Metro Area",102285,0.4594,330602,104758,352202,791600,3171172,1159822,3282782,41740,41740
"San Francisco-Oakland-Fremont, CA Metro Area",133780,0.4936,399787,138635,447095,1113800,4627006,1735054,4653593,41860,41860
"San Jose-Sunnyvale-Santa Clara, CA Metro Area",157444,0.4742,133588,48706,169027,1342700,1959119,674655,1969353,41940,41940
"San Juan-Bayamón-Caguas, PR Metro Area",27966,0.5465,776792,97580,369576,138700,2047762,796610,2063795,41980,41980
"San Luis Obispo-Paso Robles, CA Metro Area",93398,0.474,34424,7005,29735,777200,276628,108897,281486,42020,42020
"Sandpoint, ID Micro Area",65168,0.4701,5231,826,8739,433400,49062,19599,49456,41760,41760
"Santa Cruz-Watsonville, CA Metro Area",109266,0.4826,28613,7922,23364,1015200,264998,96873,266021,42100,42100
"Santa Fe, NM Metro Area",74689,0.4858,19103,4114,19901,416900,153738,69348,155175,42140,42140
"Santa Maria-Santa Barbara, CA Metro Area",95977,0.4915,58387,13563,41099,735700,436460,148960,443975,42200,42200
"Santa Rosa-Petaluma, CA Metro Area",102840,0.4574,41044,13476,57314,779000,482063,190498,485642,42220,42220
"Savannah, GA Metro Area",74632,0.4597,49403,11806,58677,271100,400864,158617,412089,42340,42340
"Sayre, PA Micro Area",62482,0.4479,7968,1487,17898,182300,59466,24487,59971,42380,42380
"Scottsbluff, NE Micro Area",61156,0.4428,4943,619,5784,161400,35948,15351,36594,42420,42420
"Scranton--Wilkes-Barre, PA Metro Area",63656,0.4584,80657,14940,132134,176500,557481,232592,567887,42540,42540
"Seattle-Tacoma-Bellevue, WA Metro Area",112594,0.4644,332072,102267,446120,673500,3969281,1586350,4021467,42660,42660
"Sebastian-Vero Beach-West Vero Corridor, FL Metro Area",71049,0.5015,18567,3614,30019,314700,161909,68696,163856,42680,42680
"Sebring, FL Metro Area",55581,0.4601,15723,2224,23449,177900,102449,45943,103808,42700,42700
"Sevierville, TN Micro Area",63829,0.4495,13285,1687,21071,259500,97926,39221,98802,42940,42940
"Sheboygan, WI Metro Area",71898,0.4111,9265,1490,24115,218400,115463,49426,117783,43100,43100
"Shelton, WA Micro Area",78359,0.4214,8232,1842,11712,377400,65544,25373,66968,43220,43220
"Sheridan, WY Micro Area",70855,0.4425,3012,430,5398,352200,31225,13515,31585,43260,43260
"Show Low, AZ Micro Area",52752,0.4549,25979,3317,18587,186100,105331,39171,107744,43320,43320
"Shreveport-Bossier City, LA Metro Area",54635,0.5082,77414,12537,69536,187300,377664,154871,389004,43340,43340
"Sierra Vista-Douglas, AZ Metro Area",58970,0.4454,18544,3392,17897,207400,117474,50476,125458,43420,43420
"Sioux City, IA-NE-SD Metro Area",72027,0.4362,17312,3144,25723,179100,142470,54926,144007,43580,43580
"Sioux Falls, SD-MN Metro Area",81418,0.4389,23248,3457,42831,274800,288963,118748,293107,43620,43620
"Somerset, KY Micro Area",50943,0.5135,13006,1477,12593,156300,64588,25920,65503,43700,43700
"Somerset, PA Micro Area",59378,0.4206,7702,1824,24603,130600,69157,29071,73255,43740,43740
"Sonora, CA Micro Area",72259,0.4436,5547,1818,8598,406200,52361,22809,54873,43760,43760
"South Bend-Mishawaka, IN-MI Metro Area",65385,0.4719,44765,8023,54264,183800,321329,128094,324180,43780,43780
"Spartanburg, SC Metro Area",62440,0.4559,53919,8069,65524,207900,360520,140344,365086,43900,43900
"Spokane-Spokane Valley, WA Metro Area",72836,0.453,71028,16352,80535,365700,582121,234862,591793,44060,44060
"Springfield, IL Metro Area",74580,0.4546,25876,5527,35427,171100,205219,89485,207386,44100,44100
"Springfield, MA Metro Area",70535,0.4707,70787,13781,83373,276300,458131,184217,462853,44140,44140
"Springfield, MO Metro Area",61488,0.4603,64901,8536,81917,213400,475608,198293,481671,44180,44180
"Springfield, OH Metro Area",60846,0.4299,20582,4173,29756,155900,133811,55325,135445,44220,44220
"St. Cloud, MN Metro Area",75670,0.4315,22560,4705,32234,254200,198795,77431,200816,41060,41060
"St. George, UT Metro Area",76411,0.4513,18540,2822,23493,465600,188334,66914,189827,41100,41100
"St. Joseph, MO-KS Metro Area",62900,0.4574,16321,2325,26513,162100,115440,46818,120609,41140,41140
"St. Louis, MO-IL Metro Area",78225,0.4658,283828,61136,422595,232100,2775424,1154841,2809414,41180,41180
"St. Marys, PA Micro Area",64103,0.4247,2756,986,9977,128600,30403,13481,30703,41260,41260
"State College, PA Metro Area",72748,0.4781,23282,3068,24437,308100,152957,59006,158041,44300,44300
"Steamboat Springs, CO Micro Area",93984,0.478,3113,618,5630,482300,37970,15922,38248,44460,44460
"Stockton-Lodi, CA Metro Area",88531,0.4437,97063,27442,121489,494500,778075,241373,787416,44700,44700
"Summerville, GA Micro Area",47785,0.4255,4696,476,4486,98700,23440,9142,24975,44900,44900
"Syracuse, NY Metro Area",73558,0.4585,87515,17572,100811,175300,651077,267658,657128,45060,45060
"Tallahassee, FL Metro Area",63078,0.492,67192,10700,46097,249900,377782,155020,388298,45220,45220
"Tampa-St. Petersburg-Clearwater, FL Metro Area",71254,0.4792,388884,76050,545544,306100,3202428,1303644,3240469,45300,45300
"Taos, NM Micro Area",58908,0.5115,4943,780,5837,354000,34307,14459,34516,45340,45340
"Terre Haute, IN Metro Area",55380,0.4702,27004,4477,33674,132000,162488,67393,168850,45460,45460
"Texarkana, TX-AR Metro Area",55046,0.4815,24733,3239,30523,150800,139995,55902,146868,45500,45500
"The Dalles, OR Micro Area",63602,0.4859,3160,1004,4067,332500,26120,10411,26603,45520,45520
"Toledo, OH Metro Area",63749,0.4795,93542,18798,107307,168500,596668,253183,602977,45780,45780
"Topeka, KS Metro Area",68160,0.4298,26021,4348,43122,172200,228516,95996,232724,45820,45820
"Torrington, CT Micro Area",91035,0.4815,10224,3356,20593,311700,111916,47035,112848,45860,45860
"Traverse City, MI Metro Area",77495,0.4501,14039,2919,23794,286500,153352,64217,154657,45900,45900
"Trenton-Princeton, NJ Metro Area",96333,0.5021,40446,12165,57594,351000,378237,141464,383286,45940,45940
"Truckee-Grass Valley, CA Micro Area",84905,0.4799,10745,2162,14025,602800,101534,41873,102452,46020,46020
"Tucson, AZ Metro Area",67929,0.4662,146560,28264,123329,286900,1026868,430965,1049947,46060,46060
"Tulsa, OK Metro Area",67823,0.47,138370,26495,165684,204400,1015411,399900,1026209,46140,46140
"Tupelo, MS Micro Area",63188,0.4767,16918,2798,19699,158400,130158,50410,132079,46180,46180
"Tuscaloosa, AL Metro Area",59975,0.4728,46649,7208,45999,217100,271172,102813,275217,46220,46220
"Twin Falls, ID Metro Area",66473,0.4366,13163,1871,17322,284200,115819,42110,116909,46300,46300
"Tyler, TX Metro Area",71923,0.4533,28262,4672,31836,220800,235252,81690,238014,46340,46340
"Urban Honolulu, HI Metro Area",104264,0.4412,88808,23328,158981,873000,948045,337061,1003666,46520,46520
"Utica-Rome, NY Metro Area",68830,0.4417,39852,6350,52082,163400,283031,119787,289577,46540,46540
"Valdosta, GA Metro Area",54581,0.4893,30493,3716,24894,182300,142644,55573,149139,46660,46660
"Vallejo, CA Metro Area",99994,0.4235,42767,13027,66474,589600,438884,155800,450824,46700,46700
"Vermillion, SD Micro Area",58794,0.4668,2515,711,1542,221800,14856,5561,15133,46820,46820
"Vernal, UT Micro Area",69861,0.4507,3991,904,6697,270200,36172,11940,36458,46860,46860
"Victoria, TX Metro Area",69618,0.4439,14933,2041,16354,196500,97196,36942,98377,47020,47020
"Vincennes, IN Micro Area",58863,0.4543,4593,459,7352,123500,35432,15110,36108,47180,47180
"Vineland, NJ Metro Area",64499,0.5027,23410,5152,33134,205600,144317,53341,152915,47220,47220
"Vineyard Haven, MA Micro Area",102348,0.5558,1102,789,2726,1104100,20644,7362,20751,47240,47240
"Virginia Beach-Chesapeake-Norfolk, VA-NC Metro Area",80533,0.4461,188496,44207,252158,318000,1683392,701116,1782590,47260,47260
"Visalia, CA Metro Area",69489,0.4401,83473,18688,66647,303000,471506,142026,475774,47300,47300
"Wabash, IN Micro Area",68414,0.4087,3136,540,7651,143600,29945,12554,30901,47340,47340
"Waco, TX Metro Area",63880,0.4732,47362,6559,43370,209600,293169,109442,299217,47380,47380
"Walla Walla, WA Metro Area",72212,0.4647,6738,1698,7624,375600,59283,23390,62102,47460,47460
"Warner Robins, GA Metro Area",78702,0.4174,21374,4909,29217,202800,189537,72442,195171,47580,47580
"Washington-Arlington-Alexandria, DC-VA-MD-WV Metro Area",123896,0.4476,484187,165544,653491,553000,6185396,2350158,6263796,47900,47900
"Waterloo-Cedar Falls, IA Metro Area",68916,0.4503,21058,3996,29472,186100,166218,68518,168163,47940,47940
"Watertown, SD Micro Area",65080,0.4383,2867,310,6839,218000,28188,12361,28556,47980,47980
"Watertown-Fort Atkinson, WI Micro Area",80604,0.4025,6734,1608,16983,253800,85496,34455,85867,48020,48020
"Watertown-Fort Drum, NY Metro Area",64978,0.4331,14832,3031,19722,181000,103143,46701,116130,48060,48060
"Wausau, WI Metro Area",76185,0.4182,12159,2140,28834,205500,137020,56873,138067,48140,48140
"Weirton-Steubenville, WV-OH Metro Area",57149,0.4441,17366,3236,30605,121400,114283,49455,115566,48260,48260
"Wenatchee-East Wenatchee, WA Metro Area",79007,0.4521,10529,2415,17164,434900,122392,46533,123251,48300,48300
"Wheeling, WV-OH Metro Area",58705,0.4711,19484,3406,36871,149300,133422,57071,138015,48540,48540
"Whitewater-Elkhorn, WI Micro Area",77359,0.4499,9976,1934,18128,275900,104783,42425,105447,48580,48580
"Wichita, KS Metro Area",68930,0.4521,83265,16273,92389,188200,636781,252501,648935,48620,48620
"Williamsport, PA Metro Area",64412,0.4419,13456,2979,26667,195600,110624,46201,113570,48700,48700
"Wilmington, NC Metro Area",73687,0.4638,48102,10948,60271,328000,435407,190964,440578,48900,48900
"Wilmington, OH Micro Area",68125,0.4418,6018,987,10211,192800,41720,16534,42014,48940,48940
"Winchester, VA-WV Metro Area",82413,0.4317,14875,3565,29291,322600,142326,53947,144676,49020,49020
"Winona, MN Micro Area",70198,0.4377,6239,865,7343,222900,49226,20288,49705,49100,49100
"Winston-Salem, NC Metro Area",64282,0.4589,93315,16363,112105,213300,677555,275395,683637,49180,49180
"Worcester, MA Metro Area",93561,0.4559,86428,25023,139139,390700,851300,333273,861664,49340,49340
"Yakima, WA Metro Area",68015,0.4266,39074,8418,36201,281100,254377,86689,256605,49420,49420
"York-Hanover, PA Metro Area",82238,0.4147,38560,10777,107098,235000,454916,180207,459312,49620,49620
"Youngstown-Warren, OH Metro Area",55357,0.4636,73558,11088,108734,134600,420466,184325,428430,49660,49660
"Yuba City, CA Metro Area",74762,0.4507,26995,5741,25875,390800,177872,61303,182050,49700,49700
"Yuma, AZ Metro Area",60417,0.4448,32921,6700,29486,195700,198232,76903,207685,49740,49740
